r327,c5
r328,c1
r320,c12
r325,c11
r324,c13
r323,c15
r326,c9
r321,c19
r321a,c19
r322,c21
r321-1,c22
r321c,c18
r322-1,c25
r316,c27
r316-1,c23
r315,c29
r314,c34
p1,c73
r317-1,c33
r317,c35
r318,c37
r314-1,c39
r312,c44
r313,c41
r311-4,c43
r311-3,c43
r309,c47
r310,c48
r311-1,c45
r311-2,c45
r305,c49
r304,c53
r303,c55
r302,c57
r301,c60
r307,c59
r307-1,c59
r308,c56
r322c,c17
r322a,c2
r322b,c3
c1,r328,c2,c4
c2,c1,r322a,c3
c3,r322b,c4,c2,c6
c4,c3,c5,c1
c5,r327,c6,c61,c4
c6,c5,c3,c63
c7,c8,c9,c62,e0i,e0o
c8,c7,c64,c10
c9,r326,c10,c11,c7
c10,c9,c8,c12
c11,r325,c12,c13,c9
c12,c11,r320,c10,c14
c13,r324,c14,c15,c11
c14,c13,c12,c16
c15,r323,c16,c13
c16,c15,c14
c17,r322c,c18,c63,c20
c18,r321c,c17,c19,c64
c19,r321,r321a,c20,c22,c18
c20,c19,c17,c21
c21,r322,c22,c20,c24
c22,r321-1,c21,c23,c19
c23,r316-1,c24,c26,c22
c24,c23,c21,c25
c25,r322-1,c26,c24,c28
c26,c25,c27,c23
c27,r316,c28,c29,c26
c28,c27,c25,c30
c29,r315,c30,c66,c27
c30,c29,c28,c65
c31,c32,c65,c33,e1i,e1o
c32,c31,c34,c67
c33,r317-1,c34,c31,c74
c34,r314,c33,c32,c73
c35,r317,c36,c37,c74
c36,c35,c38,c73
c37,r318,c38,c35,c40
c38,c37,c39,c36
c39,r314-1,c40,c38
c40,c39,c37
c41,r313,c42,c43,c68
c42,c41,c67,c44
c43,r311-4,r311-3,c44,c45,c41
c44,r312,c43,c42,c46
c45,c46,r311-2,r311-1,c47,c43
c46,c45,c44,c48
c47,r309,c48,c70,c45
c48,r310,c47,c46,c69
c49,r305,c50,c71
c50,c49,c69
c51,c52,c72,c53,e2i,e2o
c52,c51,c54,c70
c53,r304,c54,c51,c55
c54,c53,c56,c52
c55,r303,c56,c53,c57
c56,r308,c55,c58,c54
c57,r302,c58,c55,c60
c58,c57,c59,c56
c59,c60,r307-1,c58
c60,r301,c59,c57
c61,c63,c62,c5
c62,c64,c61,c7
c63,c61,c64,c17
c64,c62,c63,c8,c18
c65,c66,c67,c30,c31
c66,c68,c65,c29
c67,c65,c68,c32,c42
c68,c66,c67,c41
c69,c71,c70,c48,c50
c70,c72,c69,c52,c47
c71,c69,c72,c49
c72,c71,c70,c51
s,c73
c73,p1,c36,c74,c34,s
c74,c33,c73,c35
e1i,c31
e1o,c31
e0i,c7
e0o,c7
e2i,c51
e2o,c51
